Entity,Code,Year,Number of people employed in agriculture  (Herrendorf et al. data),Number of people employed in industry  (Herrendorf et al. data),Number of people employed in services (Herrendorf et al. data)
Belgium,BEL,1846,681000,414000,178000
Belgium,BEL,1856,712000,525000,211000
Belgium,BEL,1866,705000,627000,242000
Belgium,BEL,1880,674000,701000,384000
Belgium,BEL,1890,640000,827000,526000
Belgium,BEL,1900,616000,1046000,607000
Belgium,BEL,1910,585000,1184000,622000
Belgium,BEL,1920,525000,1173000,605000
Belgium,BEL,1930,505000,1426000,823000
Belgium,BEL,1947,364000,1347000,893000
Belgium,BEL,1961,213000,1316000,972000
Belgium,BEL,1970,197477.8225,1493903.32,2018394.876
Belgium,BEL,1971,184101.572,1492296.724,2060225.873
Belgium,BEL,1972,172728.0139,1470163.404,2095485.288
Belgium,BEL,1973,165111.1874,1471072.89,2133861.039
Belgium,BEL,1974,160353.8201,1473849.089,2181319.428
Belgium,BEL,1975,155935.2554,1418280.507,2209577.294
Belgium,BEL,1976,147979.635,1372726.628,2244537.298
Belgium,BEL,1977,141885.2497,1331691.968,2281863.341
Belgium,BEL,1978,138862.5693,1288703.447,2333681.472
Belgium,BEL,1979,138367.4551,1259537.994,2390219.796
Belgium,BEL,1980,132237.6211,1224876.319,2423309.236
Belgium,BEL,1981,129056.875,1155856.946,2433417.054
Belgium,BEL,1982,127686.875,1100688.103,2441924.147
Belgium,BEL,1983,127287.875,1059261.097,2436561.528
Belgium,BEL,1984,127051,1038256.382,2456067.868
Belgium,BEL,1985,126152.375,1022604.297,2490729.578
Belgium,BEL,1986,124604.5,1008453.207,2530800.168
Belgium,BEL,1987,122167.625,989850.4249,2579206.075
Belgium,BEL,1988,120207.875,989735.0486,2653365.451
Belgium,BEL,1989,119377,1005249.523,2697631.227
Belgium,BEL,1990,118489.75,1011963.002,2734407.998
Belgium,BEL,1991,117296.25,1004797.925,2756438.075
Belgium,BEL,1992,114539.125,986736.2257,2773621.274
Belgium,BEL,1993,112992.625,952280.8939,2788374.231
Belgium,BEL,1994,110751.125,928597.948,2801515.802
Belgium,BEL,1995,108951.875,918136.375,2840925
Belgium,BEL,1996,104785.5,905219.75,2871121.5
Belgium,BEL,1997,102043.75,893630.625,2903721.375
Belgium,BEL,1998,100278.125,894696.625,2964989.5
Belgium,BEL,1999,98864.75,888789.625,3024268.125
Belgium,BEL,2000,94837.625,899754.625,3096733.375
Belgium,BEL,2001,91850.875,908691.75,3149220.875
Belgium,BEL,2002,89107.25,879646.625,3175551.375
Belgium,BEL,2003,86255.25,859808.5,3199953.375
Belgium,BEL,2004,85034.75,846886.625,3242231.375
Belgium,BEL,2005,84544.75,843837.642,3300567.026
Belgium,BEL,2006,84147.625,846903.1429,3356015.302
Belgium,BEL,2007,82858.625,850901.912,3430756.197
Finland,FIN,1805,702000,31000,122000
Finland,FIN,1880,358000,48000,96000
Finland,FIN,1900,429000,95000,107000
Finland,FIN,1910,897000,175000,109000
Finland,FIN,1920,1032000,192000,164000
Finland,FIN,1930,1107000,252000,228000
Finland,FIN,1940,1158000,375000,338000
Finland,FIN,1950,912000,550000,494000
Finland,FIN,1960,721000,640000,666000
Finland,FIN,1970,471500,736600,1052300
Finland,FIN,1971,444900,736100,1063300
Finland,FIN,1972,419200,763600,1092300
Finland,FIN,1973,394300,805300,1123700
Finland,FIN,1974,369900,806500,1150000
Finland,FIN,1975,348300,800800,1174000
Finland,FIN,1976,336900,769300,1195500
Finland,FIN,1977,316500,743200,1200300
Finland,FIN,1978,304000,721200,1213800
Finland,FIN,1979,306100,739600,1242200
Finland,FIN,1980,308600,769000,1276800
Finland,FIN,1981,305800,765900,1312500
Finland,FIN,1982,310500,760000,1340400
Finland,FIN,1983,300500,755300,1364000
Finland,FIN,1984,298000,749000,1387700
Finland,FIN,1985,281900,740500,1416000
Finland,FIN,1986,267800,726900,1436000
Finland,FIN,1987,254800,718400,1471100
Finland,FIN,1988,243700,718400,1507000
Finland,FIN,1989,223700,726700,1541900
Finland,FIN,1990,213200,720500,1546900
Finland,FIN,1991,202500,649200,1489200
Finland,FIN,1992,188000,579000,1408700
Finland,FIN,1993,174800,529900,1341000
Finland,FIN,1994,170600,519100,1327900
Finland,FIN,1995,161400,537900,1353700
Finland,FIN,1996,152700,545400,1383100
Finland,FIN,1997,149900,572200,1427700
Finland,FIN,1998,138800,590200,1463300
Finland,FIN,1999,139800,605600,1501600
Finland,FIN,2000,136800,620100,1539700
Finland,FIN,2001,131400,621000,1578000.01
Finland,FIN,2002,126600,613000,1612999.95
Finland,FIN,2003,124300,602600.02,1628200.01
Finland,FIN,2004,121800,594599.993,1648399.971
Finland,FIN,2005,121300,602897.4457,1672578.828
Finland,FIN,2006,121700,613797.7669,1703616.462
Finland,FIN,2007,122000,628596.4935,1742379.607
France,FRA,1856,7305000,3793000,3025000
France,FRA,1866,7536000,3861000,3370000
France,FRA,1886,7846000,4295000,4567000
France,FRA,1896,8501000,5394000,5036000
France,FRA,1901,8245000,5847000,5812000
France,FRA,1906,8855000,6053000,5821000
France,FRA,1911,8572000,6931000,5429000
France,FRA,1921,9023000,6371000,6323000
France,FRA,1926,8200000,7021000,6176000
France,FRA,1931,7704000,7195000,6715000
France,FRA,1936,7204000,6182000,6877000
France,FRA,1946,7484000,6186000,7124000
France,FRA,1954,5195000,7003000,7550000
France,FRA,1962,3907000,7426000,8160000
France,FRA,1968,3133000,8087000,8782000
France,FRA,1970,2842823.419,7494729.733,10533637.97
France,FRA,1971,2699836.65,7525567.567,10743241.8
France,FRA,1972,2553243.488,7573049.921,10988698.06
France,FRA,1973,2425554.341,7695992.292,11297179.97
France,FRA,1974,2319525.058,7734684.564,11590422.24
France,FRA,1975,2227155.572,7497638.58,11743202.46
France,FRA,1976,2143763.904,7444960.211,12121229.14
France,FRA,1977,2063989.497,7405835.67,12464425.9
France,FRA,1978,2002053.295,7285673.431,12745006.72
France,FRA,1979,1950420.626,7193017.918,13001861.4
France,FRA,1980,1890627.592,7138653.356,13173372.93
France,FRA,1981,1822389.621,6919852.866,13376062.63
France,FRA,1982,1757923.365,6798498.694,13588512.33
France,FRA,1983,1698831.12,6608331.966,13769271.89
France,FRA,1984,1642774.112,6344934.838,14038654.86
France,FRA,1985,1585639.773,6159997.686,14111551.47
France,FRA,1986,1534551.128,6072384.254,14332437.18
France,FRA,1987,1476537.629,5963969.1,14665982.81
France,FRA,1988,1420838.517,5927442.113,14959214.53
France,FRA,1989,1363824.989,5978264.131,15340701.7
France,FRA,1990,1300400,5987200,15575800
France,FRA,1991,1242200,5892800,15752600
France,FRA,1992,1190400,5684700,15879000
France,FRA,1993,1134000,5386700,15940400
France,FRA,1994,1084300,5229500,16181200
France,FRA,1995,1051100,5230900,16411900
France,FRA,1996,1026600,5153200,16599700
France,FRA,1997,1011300,5068300,16799900
France,FRA,1998,998800,5052900,17175500
France,FRA,1999,981500,5062200,17652600
France,FRA,2000,961100,5157300,18214200
France,FRA,2001,945300,5228000,18591300
France,FRA,2002,928300,5177300,18813500
France,FRA,2003,912200,5103600,18934000
France,FRA,2004,905600,5022400,19048700
France,FRA,2005,895918.1748,5011346.622,19204600.38
France,FRA,2006,875656.2107,5018736.256,19455915.15
France,FRA,2007,851903.7098,5051018.547,19785540.03
Japan,JPN,1872,14495000,833000,1746000
Japan,JPN,1880,16076000,1290000,2175000
Japan,JPN,1890,17198000,2340000,3045000
Japan,JPN,1900,17331000,3427000,4010000
Japan,JPN,1910,16489000,4619000,5061000
Japan,JPN,1920,14441000,5668000,6445000
Japan,JPN,1930,14489000,6117000,8056000
Japan,JPN,1940,15417000,8563000,9027000
Japan,JPN,1950,17158000,8100000,10382000
Japan,JPN,1953,17081689.87,9453817.654,14196613.58
Japan,JPN,1954,16569955.6,9742288.935,14903398.21
Japan,JPN,1955,16928169.58,9899853.259,15764527.38
Japan,JPN,1956,16560275.46,10569274.17,16491093.63
Japan,JPN,1957,16309301.1,11543690.58,17246142.33
Japan,JPN,1958,15737805.29,12197838.52,17986076.11
Japan,JPN,1959,15167317.41,12686762.87,18604803.06
Japan,JPN,1960,15057453.14,13486464.12,19335568.49
Japan,JPN,1961,14645210.13,14337073.54,20060201.03
Japan,JPN,1962,14220871.97,15128892.61,20912496.09
Japan,JPN,1963,13442750.68,15571945.86,22072563.64
Japan,JPN,1964,12898468.96,16147960.17,23112852.37
Japan,JPN,1965,12433813.63,16597646.18,24087359.07
Japan,JPN,1966,12127403.18,17006263.52,25200130.98
Japan,JPN,1967,11889531.91,17857048.98,25967374.47
Japan,JPN,1968,11609327.61,18065219.39,26590224.71
Japan,JPN,1969,11335170.89,18465623.41,27302276.76
Japan,JPN,1970,10821127.04,18698328.11,27912011.75
Japan,JPN,1971,10036958.19,19017920.03,28851196.31
Japan,JPN,1972,9553152.208,19184251.97,29379725.04
Japan,JPN,1973,9104623.749,20068159.58,30367436.94
Japan,JPN,1974,8878847.626,19850682.72,30846130.71
Japan,JPN,1975,8686333.164,19169640.36,31604650
Japan,JPN,1976,8509945.567,19227868.28,32237463.78
Japan,JPN,1977,8432335.025,19145078.25,33010901.37
Japan,JPN,1978,8328518.326,19147333,33492077.34
Japan,JPN,1979,8039242.668,19264940.67,34130660.04
Japan,JPN,1980,7625991.728,19608959,34654679.2
Japan,JPN,1981,7387112.527,19675315.33,35283332.77
Japan,JPN,1982,7245980.583,19535444.33,35908209.84
Japan,JPN,1983,7009441.55,19704813.89,36562363.4
Japan,JPN,1984,6743482.115,19777857.43,36768650.85
Japan,JPN,1985,6651197.537,19861261.58,36842999.19
Japan,JPN,1986,6424279,19815019.42,37214703.22
Japan,JPN,1987,6255876.319,19648642.86,37530385.29
Japan,JPN,1988,6040229.021,20256497.31,37765116.49
Japan,JPN,1989,5846183.346,20774615.33,38046593.8
Japan,JPN,1990,5650116.988,21054788.32,38624341.1
Japan,JPN,1991,5462146.364,21602656.54,39274351.94
Japan,JPN,1992,5332166.678,21769095.26,39798119.99
Japan,JPN,1993,5034213.243,21482202.21,40491097.63
Japan,JPN,1994,4896234.806,21147425.65,40848793.06
Japan,JPN,1995,4792251.057,20680371.29,41385126.86
Japan,JPN,1996,4576648.119,20490531.83,41839546.02
Japan,JPN,1997,4413263.843,20521439.47,42438972.99
Japan,JPN,1998,4237277.523,19636495.33,42705857.18
Japan,JPN,1999,4051128.922,19127676.07,42484792.63
Japan,JPN,2000,3866799.455,18779244.2,42606536.87
Japan,JPN,2001,3697836.422,18200357.99,42861385.48
Japan,JPN,2002,3460497.75,17464319.2,42822758
Japan,JPN,2003,3433042.384,17080565.31,43022959.73
Japan,JPN,2004,3371499.921,16656791.17,43648262.28
Japan,JPN,2005,3343371.126,16448997.46,44124182.06
Japan,JPN,2006,3250386.839,16529746.92,44417304.24
Japan,JPN,2007,3250818.943,16517317.39,44670126.79
Japan,JPN,2008,3189429.376,15620365.77,44235216.65
Japan,JPN,2009,2952837.23,13726583.99,41449802.78
Japan,JPN,2010,2852172.324,13376766.81,41824336.75
Japan,JPN,2011,2785062.387,13269731.73,42150651.61
Japan,JPN,2012,2684397.482,13143980.22,42178352.39
Netherlands,NLD,1807,374533,227690,267644
Netherlands,NLD,1849,506002,389350,360855
Netherlands,NLD,1859,536130,415480,375301
Netherlands,NLD,1889,633448,547810,553776
Netherlands,NLD,1899,681674,652111,665487
Netherlands,NLD,1909,699689,789056,814840
Netherlands,NLD,1920,641000,968000,1109000
Netherlands,NLD,1930,656000,1159000,1496000
Netherlands,NLD,1947,747000,1425000,1832000
Netherlands,NLD,1949,637150.1541,1451712.032,2198909.579
Netherlands,NLD,1960,479205.6808,1763397.719,2589058.469
Netherlands,NLD,1961,475982.3242,1809842.133,2638989.376
Netherlands,NLD,1962,453418.828,1843221.566,2686545.002
Netherlands,NLD,1963,439450.9494,1888475.236,2720293.382
Netherlands,NLD,1964,422259.7143,1912890.652,2767505.745
Netherlands,NLD,1965,397547.3137,1908489.362,2833550.524
Netherlands,NLD,1966,386802.7917,1852134.646,2889533.83
Netherlands,NLD,1967,358867.0345,1863093.175,2964734.024
Netherlands,NLD,1968,334154.6339,1873003.104,3075195.646
Netherlands,NLD,1969,320186.7553,1882296.421,3133449.007
Netherlands,NLD,1970,314265.6206,1855014.647,3214411.029
Netherlands,NLD,1971,311506.9316,1792186.986,3211291.394
Netherlands,NLD,1972,307090.6187,1778917.627,3251189.698
Netherlands,NLD,1973,304864.3572,1754928.878,3315723.491
Netherlands,NLD,1974,302065.2152,1707602.23,3332588.072
Netherlands,NLD,1975,300760.282,1671105.8,3384838.527
Netherlands,NLD,1976,296322.1576,1657468.751,3420390.805
Netherlands,NLD,1977,292738.3572,1654215.919,3497971.726
Netherlands,NLD,1978,288440.9417,1663499.242,3598035.433
Netherlands,NLD,1979,288319.713,1646916.737,3712577.023
Netherlands,NLD,1980,284889.2852,1573453.107,3746567.371
Netherlands,NLD,1981,285604.4921,1492058.955,3723816.938
Netherlands,NLD,1982,288611.5464,1420996.54,3752983.677
Netherlands,NLD,1983,291394.5601,1406587.925,3877760.969
Netherlands,NLD,1984,292195.5953,1420798.407,4003505.086
Netherlands,NLD,1985,290888.0028,1454696.588,4155549.658
Netherlands,NLD,1986,290267.4429,1472044.196,4267666.264
Netherlands,NLD,1987,291254.7471,1484307.717,4356657.271
Netherlands,NLD,1988,292242.0513,1510742.731,4490197.49
Netherlands,NLD,1989,287305.5302,1542152.896,4648707.608
Netherlands,NLD,1990,289280.1386,1563645.38,4747674.795
Netherlands,NLD,1991,295203.964,1543087.161,4853268.044
Netherlands,NLD,1992,292242.0513,1507720.366,4915448.142
Netherlands,NLD,1993,284343.6175,1469862.886,4998085.586
Netherlands,NLD,1994,279484.4328,1476964.932,5135484.198
Netherlands,NLD,1995,283078,1466584,5280120
Netherlands,NLD,1996,286718,1456623,5442308
Netherlands,NLD,1997,291302,1487251,5628745
Netherlands,NLD,1998,279191,1504252,5812298
Netherlands,NLD,1999,280138,1521344,5994555
Netherlands,NLD,2000,279912,1541602,6149985
Netherlands,NLD,2001,283035,1545029,6305225
Netherlands,NLD,2002,282997,1519556,6363451
Netherlands,NLD,2003,278378,1466845,6380017
Netherlands,NLD,2004,271010,1430770,6351326
Netherlands,NLD,2005,265968,1410710,6414221
Netherlands,NLD,2006,261595,1416144,6551461
Netherlands,NLD,2007,258834,1426124,6753732
Netherlands,NLD,2008,253760.8679,1455493.556,6854724.949
Netherlands,NLD,2009,255746.6579,1433222.44,6826500.418
Netherlands,NLD,2010,254078.5679,1395651.049,6870999.528
Netherlands,NLD,2011,252394.4413,1409108.2,6990700.835
South Korea,KOR,1955,6436000,628000,908000
South Korea,KOR,1963,4609264.821,865298.1295,1974386.964
South Korea,KOR,1964,4597829.804,878849.9816,2111036.647
South Korea,KOR,1965,4583536.032,1093331.247,2320030.28
South Korea,KOR,1966,4646428.627,1128714.458,2436584.421
South Korea,KOR,1967,4584488.95,1382525.376,2544095.569
South Korea,KOR,1968,4574959.77,1607609.305,2769165.635
South Korea,KOR,1969,4597829.804,1693415.605,2919882.197
South Korea,KOR,1970,4617841.084,1668836.778,3128273.67
South Korea,KOR,1971,4646428.627,1789329.027,3430308.221
South Korea,KOR,1972,5094300.131,1908622.264,3337388.568
South Korea,KOR,1973,5306800.866,2214194.163,3393950.546
South Korea,KOR,1974,5321094.637,2537596.813,3506563.111
South Korea,KOR,1975,5169580.66,2803819.817,3646150.573
South Korea,KOR,1976,5337294.245,3305696.669,3700447.434
South Korea,KOR,1977,5150522.298,3559311.794,4017443.578
South Korea,KOR,1978,4937068.645,3981189.187,4386565.096
South Korea,KOR,1979,4656910.726,4111436.673,4727062.659
South Korea,KOR,1980,4438692.482,3972601.421,5136542.89
South Korea,KOR,1981,4574959.77,3893384.988,5391240.236
South Korea,KOR,1982,4394858.25,4010190.553,5824897.766
South Korea,KOR,1983,4111841.576,4231314.753,6028579.842
South Korea,KOR,1984,3729721.42,4435589.845,6151910.338
South Korea,KOR,1985,3557243.245,4610823.619,6701050.006
South Korea,KOR,1986,3489586.06,4944642.573,6977885.494
South Korea,KOR,1987,3411446.777,5572524.419,7291016.177
South Korea,KOR,1988,3319013.722,5888602.533,7597242.336
South Korea,KOR,1989,3258979.882,6137838.774,8067691.502
South Korea,KOR,1990,3068446.154,6360225.629,8574472.616
South Korea,KOR,1991,2897818.935,6674092.44,9038037.675
South Korea,KOR,1992,2841891.124,6612889.154,9493572.515
South Korea,KOR,1993,2700649.704,6444604.622,10115295.35
South Korea,KOR,1994,2588794.083,6561634.432,10701766.82
South Korea,KOR,1995,2403000,6757000,11238000
South Korea,KOR,1996,2323000,6731000,11783000
South Korea,KOR,1997,2285000,6590000,12326000
South Korea,KOR,1998,2397000,5517000,12004000
South Korea,KOR,1999,2302000,5521000,12454000
South Korea,KOR,2000,2243000,5890000,13003000
South Korea,KOR,2001,2148000,5870000,13539000
South Korea,KOR,2002,2069000,6005000,14078000
South Korea,KOR,2003,1950000,6038000,14129000
South Korea,KOR,2004,1825000,6126000,14583000
South Korea,KOR,2005,1815000,6065000,14950000
South Korea,KOR,2006,1785000,6020000,15328000
South Korea,KOR,2007,1726000,5987000,15705000
South Korea,KOR,2008,1736531.575,6023531.021,15800827.57
South Korea,KOR,2009,1731302.611,6005393.241,15753248.85
South Korea,KOR,2010,1645378.237,6245267.311,15938485.22
Spain,ESP,1860,5266000,1190000,1009000
Spain,ESP,1877,5045000,898000,1244000
Spain,ESP,1887,4854000,1116000,1026000
Spain,ESP,1900,5139000,1027000,1377000
Spain,ESP,1910,4220000,1034000,1078000
Spain,ESP,1920,4538000,1695000,1466000
Spain,ESP,1940,4781000,2213000,2215000
Spain,ESP,1950,5271000,2709000,2641000
Spain,ESP,1964,4177000,4234000,3640000
Spain,ESP,1970,3160771.598,4091907.765,5196341.852
Spain,ESP,1971,3058917.387,4165554.93,5297789.11
Spain,ESP,1972,2942314.398,4265160.891,5411125.4
Spain,ESP,1973,2830162.442,4369876.881,5526695.056
Spain,ESP,1974,2715208.049,4407526.084,5624104.626
Spain,ESP,1975,2604944.001,4445255.817,5722802.849
Spain,ESP,1976,2490941.67,4439675.288,5814437.719
Spain,ESP,1977,2382016.445,4436634.38,5904119.863
Spain,ESP,1978,2291891.181,4356801.065,5998867.642
Spain,ESP,1979,2205355.891,4285685.565,6094268.366
Spain,ESP,1980,2098217.244,4108311.258,6182693.254
Spain,ESP,1981,1976066.976,3841464.405,6274508.63
Spain,ESP,1982,1929406.976,3696481.697,6362516.422
Spain,ESP,1983,1920926.557,3615219.019,6410490.599
Spain,ESP,1984,1851519.781,3420629.56,6407400.707
Spain,ESP,1985,1791303.9,3305484.058,6462954.529
Spain,ESP,1986,1671728.936,3407031.64,6748817.927
Spain,ESP,1987,1633306.093,3599888.35,7161176.564
Spain,ESP,1988,1615262.23,3751373.95,7461796.65
Spain,ESP,1989,1510749.056,3957067.229,7825473.885
Spain,ESP,1990,1459757.217,4145684.35,8193025.074
Spain,ESP,1991,1322067.189,4163159.039,8478716.328
Spain,ESP,1992,1229969.469,3987515.705,8552085.674
Spain,ESP,1993,1167673.066,3722549.393,8488705.246
Spain,ESP,1994,1121119.603,3638302.158,8556340.138
Spain,ESP,1995,1070205.761,3744928.391,8754140.848
Spain,ESP,1996,1077281.855,3828885.805,8889832.34
Spain,ESP,1997,1059779.92,4056636.851,9176858.228
Spain,ESP,1998,1059384.444,4277810.413,9594880.143
Spain,ESP,1999,1032891.28,4551222.363,10033061.36
Spain,ESP,2000,1037400,4832931.373,10541268.63
Spain,ESP,2001,1040900,5021176.683,10868548.32
Spain,ESP,2002,1023100,5108891.197,11205583.8
Spain,ESP,2003,1013700,5224417.737,11639557.26
Spain,ESP,2004,999600,5376660.415,12126239.58
Spain,ESP,2005,1000800,5575659.551,12635615.45
Spain,ESP,2006,943434.3919,5718533.315,13308039.87
Spain,ESP,2007,924745.5962,5848385.594,13777066.66
Sweden,SWE,1850,949014.5182,176348.3966,205562.1003
Sweden,SWE,1851,941801.0892,190021.8455,200196.8363
Sweden,SWE,1852,942600.9453,188188.3733,202757.6441
Sweden,SWE,1853,952253.268,191346.4221,200279.8907
Sweden,SWE,1854,968336.5435,190294.2545,204441.4732
Sweden,SWE,1855,994020.18,197182.6548,201746.1339
Sweden,SWE,1856,979349.1708,207467.516,203692.7861
Sweden,SWE,1857,992546.645,204836.9784,206613.0107
Sweden,SWE,1858,1019169.198,204667.5391,214072.4422
Sweden,SWE,1859,1033733.698,220366.979,214893.4852
Sweden,SWE,1860,1038088.109,232924.9064,216453.8788
Sweden,SWE,1861,1036222.432,238022.7136,223444.2053
Sweden,SWE,1862,1013372.76,233388.9906,224485.4693
Sweden,SWE,1863,1042558.362,245587.1813,229761.3184
Sweden,SWE,1864,1044893.669,266905.1054,240286.5726
Sweden,SWE,1865,1061723.866,271458.6146,233824.2271
Sweden,SWE,1866,1047317.584,271874.0431,236992.2851
Sweden,SWE,1867,1062745.96,263977.0589,235306.7308
Sweden,SWE,1868,1005346.821,256295.303,236046.0009
Sweden,SWE,1869,1038368.235,266886.2333,242914.8919
Sweden,SWE,1870,1087476.746,280677.4378,246055.874
Sweden,SWE,1871,1091748.663,291766.7254,252357.312
Sweden,SWE,1872,1096117.249,294898.1509,251821.2486
Sweden,SWE,1873,1100452.339,335759.6172,252970.4004
Sweden,SWE,1874,1104654.621,356322.4339,257692.1389
Sweden,SWE,1875,1108484.796,348653.099,263384.2911
Sweden,SWE,1876,1112051.65,379090.0603,278670.7244
Sweden,SWE,1877,1115879.328,389049.2256,288328.1158
Sweden,SWE,1878,1119287.845,422226.094,305982.7441
Sweden,SWE,1879,1123244.243,434419.4956,313587.2308
Sweden,SWE,1880,1127084.772,397167.1247,315186.1901
Sweden,SWE,1881,1124352.062,404550.9224,318296.1158
Sweden,SWE,1882,1121342.138,365719.2268,318239.167
Sweden,SWE,1883,1119577.294,401068.7964,323297.211
Sweden,SWE,1884,1118272.361,384193.9201,326982.6662
Sweden,SWE,1885,1117235.862,425245.5917,332054.9499
Sweden,SWE,1886,1115347.139,476603.6907,342447.8044
Sweden,SWE,1887,1112178.93,432844.4713,341957.3854
Sweden,SWE,1888,1108623.165,440000.9156,344194.2447
Sweden,SWE,1889,1106844.316,454071.0651,347899.2241
Sweden,SWE,1890,1104386.416,444738.8861,350160.1526
Sweden,SWE,1891,1102416.498,431186.4941,353143.6557
Sweden,SWE,1892,1099825.19,443481.6566,360618.4892
Sweden,SWE,1893,1097665.121,448168.5118,365937.9685
Sweden,SWE,1894,1097145.931,455866.3289,370319.1795
Sweden,SWE,1895,1095930.13,502190.4533,379484.5381
Sweden,SWE,1896,1094438.033,476183.4082,381846.8647
Sweden,SWE,1897,1093579.302,525125.8365,389979.8839
Sweden,SWE,1898,1092754.477,536108.9148,393784.7804
Sweden,SWE,1899,1091614.925,563677.5098,401475.646
Sweden,SWE,1900,1089129.469,582412.1725,410966.686
Sweden,SWE,1901,1081737.499,571783.76,414333.4886
Sweden,SWE,1902,1072822.16,569865.1619,429524.3751
Sweden,SWE,1903,1063764.923,617692.3447,441255.67
Sweden,SWE,1904,1055527.862,623598.6432,446245.1313
Sweden,SWE,1905,1047198.753,642310.1774,457625.9502
Sweden,SWE,1906,1038571.983,651679.7097,455658.6239
Sweden,SWE,1907,1029974.309,627357.0417,455815.8897
Sweden,SWE,1908,1025798.24,613385.6648,464476.1691
Sweden,SWE,1909,1022593.321,616562.8839,477930.2277
Sweden,SWE,1910,1014042.884,624215.4802,483290.894
Sweden,SWE,1911,1011133.288,656649.7242,495011.1496
Sweden,SWE,1912,1007969.316,675413.9351,499384.104
Sweden,SWE,1913,1004187.221,709367.9019,517874.7793
Sweden,SWE,1914,1001257.265,720829.3934,516661.3387
Sweden,SWE,1915,998446.945,709502.125,543213.8095
Sweden,SWE,1916,995969.3323,717628.7972,551054.6949
Sweden,SWE,1917,995559.8046,704644.5882,548169.4785
Sweden,SWE,1918,994435.8484,711563.3031,593228.1703
Sweden,SWE,1919,992434.729,737143.0831,619370.2232
Sweden,SWE,1920,989865.5053,758713.6078,641360.2613
Sweden,SWE,1921,980042.8862,704705.1127,597264.7231
Sweden,SWE,1922,969797.9863,708143.6351,637343.5517
Sweden,SWE,1923,962957.4735,730484.9746,670993.3533
Sweden,SWE,1924,956587.809,775312.2014,654816.0278
Sweden,SWE,1925,949777.3414,833520.2027,654035.6083
Sweden,SWE,1926,947277.831,834773.9522,696295.467
Sweden,SWE,1927,946072.9254,842709.3952,721572.3563
Sweden,SWE,1928,943097.9491,892174.0883,743960.6689
Sweden,SWE,1929,941182.9851,905940.9577,780563.6872
Sweden,SWE,1930,938712.567,965612.7261,818361.964
Sweden,SWE,1931,916700.239,921353.0149,820095.6277
Sweden,SWE,1932,900921.175,867641.7649,816095.4533
Sweden,SWE,1933,890592.0142,840885.0336,820808.0566
Sweden,SWE,1934,901675.791,917284.3024,831277.6308
Sweden,SWE,1935,902058.2281,982578.8377,848563.7168
Sweden,SWE,1936,898458.8263,1035609.967,870956.9713
Sweden,SWE,1937,887236.1495,1065179.388,888730.9054
Sweden,SWE,1938,884169.5164,1094135.248,916137.8972
Sweden,SWE,1939,873846.5419,1141761.449,944726.2836
Sweden,SWE,1940,853515.3207,1040321.669,985720.204
Sweden,SWE,1941,819354.4061,1032153.658,978500.3027
Sweden,SWE,1942,784944.2311,1104812.61,1016136.18
Sweden,SWE,1943,750736.5479,1142832.463,1058333.635
Sweden,SWE,1944,746217.5227,1161252.089,1051927.815
Sweden,SWE,1945,739857.3553,1221960.615,1041923.576
Sweden,SWE,1946,710892.6587,1265713.051,1074602.781
Sweden,SWE,1947,694151.9389,1302566.621,1108410.714
Sweden,SWE,1948,679245.3645,1291968.825,1131937.295
Sweden,SWE,1949,667745.6205,1291057.342,1141850.262
Sweden,SWE,1950,644945.6123,1301433.875,1152920.512
Sweden,SWE,1951,625013.3693,1317648.112,1170048.519
Sweden,SWE,1952,604885.3403,1333953.536,1187281.123
Sweden,SWE,1953,584561.5253,1350350.149,1204618.326
Sweden,SWE,1954,564041.9243,1366837.95,1222060.126
Sweden,SWE,1955,543326.5373,1383416.938,1239606.525
Sweden,SWE,1956,522415.3643,1400087.115,1257257.521
Sweden,SWE,1957,501308.4053,1416848.479,1275013.115
Sweden,SWE,1958,480005.6604,1433701.032,1292873.308
Sweden,SWE,1959,458507.1294,1450644.772,1310838.098
Sweden,SWE,1960,436812.8124,1467679.701,1328907.487
Sweden,SWE,1961,419537.0227,1472896.216,1371946.761
Sweden,SWE,1962,401845.2203,1477941.261,1415573.518
Sweden,SWE,1963,383737.1554,1482814.734,1459788.111
Sweden,SWE,1964,365212.578,1487516.53,1504590.892
Sweden,SWE,1965,346271.2381,1492046.547,1549982.215
Sweden,SWE,1966,331559.1451,1466526.18,1593054.675
Sweden,SWE,1967,316827.9333,1440971.697,1636180.37
Sweden,SWE,1968,302077.6145,1415383.118,1679359.268
Sweden,SWE,1969,287308.1999,1389760.463,1722591.337
Sweden,SWE,1970,272519.731,1364103.903,1765876.739
Sweden,SWE,1971,256776.9828,1294871.598,1827728.4
Sweden,SWE,1972,241035.4132,1283065.957,1854155.859
Sweden,SWE,1973,227589.1952,1292207.747,1858458.296
Sweden,SWE,1974,224695.2346,1306320.117,1905997.743
Sweden,SWE,1975,217433.7295,1311516.68,1968584.605
Sweden,SWE,1976,208491.509,1300464.926,2004425.932
Sweden,SWE,1977,202055.0843,1253447.262,2033133.524
Sweden,SWE,1978,202291.6192,1225807.322,2055288.15
Sweden,SWE,1979,197791.3277,1224482.806,2097238.688
Sweden,SWE,1980,193126.4643,1234498.501,2146016.802
Sweden,SWE,1981,186188.0301,1205297.9,2174793.714
Sweden,SWE,1982,182868.85,1168561.862,2195356.037
Sweden,SWE,1983,179142.3881,1140081.73,2215431.858
Sweden,SWE,1984,177255.771,1137541.97,2255413.946
Sweden,SWE,1985,173318.7736,1147944.132,2287181.628
Sweden,SWE,1986,168813.5274,1148883.716,2309236.261
Sweden,SWE,1987,151784.5373,1148011.798,2321866.558
Sweden,SWE,1988,149660.0656,1163677.273,2354506.148
Sweden,SWE,1989,142579.4284,1164233.915,2416748.034
Sweden,SWE,1990,141013.3825,1137705.364,2449109.317
Sweden,SWE,1991,134815.0989,1083831.636,2438320.888
Sweden,SWE,1992,130193.3119,989859.8143,2359637.904
Sweden,SWE,1993,127231.1149,921355.8318,2274562.053
Sweden,SWE,1994,123936.7859,902824.5883,2264792.596
Sweden,SWE,1995,121179.5891,946629.3936,2277213.499
Sweden,SWE,1996,115236.5415,937601.211,2265450.474
Sweden,SWE,1997,105946.8493,931080.3122,2238324.23
Sweden,SWE,1998,102470.2138,951722.6559,2276247.291
Sweden,SWE,1999,101532.4798,957059.0287,2342329.872
Sweden,SWE,2000,104664.4624,970672.1718,2409028.029
Sweden,SWE,2001,96983.90142,996631.5136,2463660.855
Sweden,SWE,2002,94548.48618,983320.2406,2481027.801
Sweden,SWE,2003,88718.0147,963108.8426,2486816.446
Sweden,SWE,2004,85408.6714,937055.3785,2491065.256
Sweden,SWE,2005,81990.1949,936932.9377,2504327.721
Sweden,SWE,2006,80378.69562,946252.0871,2555759.485
Sweden,SWE,2007,78483.63752,978322.0307,2608217.754
Sweden,SWE,2008,80099.34667,999326.1477,2618813.215
Sweden,SWE,2009,79503.29811,935977.6594,2593643.566
Sweden,SWE,2010,81300.68337,937324.7601,2634246.044
United Kingdom,GBR,1801,1426000,1725000,1474000
United Kingdom,GBR,1841,1539000,3057000,2687000
United Kingdom,GBR,1851,1539000,3059000,2310000
United Kingdom,GBR,1861,3520000,5365000,4205000
United Kingdom,GBR,1871,3120000,5960000,4970000
United Kingdom,GBR,1881,2860000,6470000,5730000
United Kingdom,GBR,1891,2620000,7260000,6780000
United Kingdom,GBR,1901,2420000,8200000,8060000
United Kingdom,GBR,1911,2400000,8990000,9000000
United Kingdom,GBR,1920,1741000,9645000,8911000
United Kingdom,GBR,1921,1669000,7948000,8291000
United Kingdom,GBR,1922,1620000,8120000,8135000
United Kingdom,GBR,1923,1571000,8384000,8151000
United Kingdom,GBR,1924,1582000,8539000,8257000
United Kingdom,GBR,1925,1576000,8555000,8457000
United Kingdom,GBR,1926,1552000,8413000,8628000
United Kingdom,GBR,1927,1523000,8776000,8837000
United Kingdom,GBR,1928,1511000,8699000,8994000
United Kingdom,GBR,1929,1502000,8812000,9165000
United Kingdom,GBR,1930,1460000,8365000,9290000
United Kingdom,GBR,1931,1425000,7863000,9377000
United Kingdom,GBR,1932,1413000,7818000,9522000
United Kingdom,GBR,1933,1413000,8063000,9660000
United Kingdom,GBR,1934,1394000,8448000,9843000
United Kingdom,GBR,1935,1370000,8661000,10006000
United Kingdom,GBR,1936,1335000,9095000,10240000
United Kingdom,GBR,1937,1313000,9525000,10526000
United Kingdom,GBR,1938,1272000,9431000,10715000
United Kingdom,GBR,1948,1371840.521,10574933.62,12463269.33
United Kingdom,GBR,1949,1368419.473,10690912.31,12434575.01
United Kingdom,GBR,1950,1352454.579,10834051.12,12507840.66
United Kingdom,GBR,1951,1317103.742,11026674.53,12626712.83
United Kingdom,GBR,1952,1288595.003,10940487.26,12771666.21
United Kingdom,GBR,1953,1264647.663,11073870.36,12782608.78
United Kingdom,GBR,1954,1252103.817,11290504.78,12902461.22
United Kingdom,GBR,1955,1246402.07,11499188.33,12985122.25
United Kingdom,GBR,1956,1211051.233,11563987.91,13154924.55
United Kingdom,GBR,1957,1204209.136,11560033.2,13155152.94
United Kingdom,GBR,1958,1187103.892,11371060.26,13095380.1
United Kingdom,GBR,1959,1177981.096,11405188.69,13217870.44
United Kingdom,GBR,1960,1157454.804,11662121.45,13338435.8
United Kingdom,GBR,1961,1120963.618,11777130.7,13505129.28
United Kingdom,GBR,1962,1082191.733,11669904.89,13703914.54
United Kingdom,GBR,1963,1073068.936,11541441.24,13847153.88
United Kingdom,GBR,1964,1030876.003,11730118.8,13923781.5
United Kingdom,GBR,1965,972718.1751,11827002.35,14051218.4
United Kingdom,GBR,1966,935265.9245,11811130.64,14175939.58
United Kingdom,GBR,1967,900934.6948,11428006.81,14218136.85
United Kingdom,GBR,1968,871805.1665,11224487.52,14244701.61
United Kingdom,GBR,1969,835393.2562,11198603.94,14241741.84
United Kingdom,GBR,1970,801062.0265,11000935.16,14405128.33
United Kingdom,GBR,1971,764439.2076,10779494.76,14576807.47
United Kingdom,GBR,1972,756799.9969,10527157.17,14839211.99
United Kingdom,GBR,1973,768303.0982,10668961.53,15221670.22
United Kingdom,GBR,1974,735608.3836,10625042.39,15330360.41
United Kingdom,GBR,1975,708163.6888,10236469.77,15694532.96
United Kingdom,GBR,1976,700817.8681,9991972.887,15756251.63
United Kingdom,GBR,1977,694235.9684,9994326.452,15817703.61
United Kingdom,GBR,1978,680883.9567,9769007.783,15763101.98
United Kingdom,GBR,1979,665667.5347,9753450.952,16115475.04
United Kingdom,GBR,1980,670837.841,9466027.813,16281595.49
United Kingdom,GBR,1981,677300.1704,8641485.797,16036622.18
United Kingdom,GBR,1982,675547.5805,8199975.829,15975495.75
United Kingdom,GBR,1983,671863.0453,7824654.21,15940571.78
United Kingdom,GBR,1984,694933.4616,7776214.275,16360739.01
United Kingdom,GBR,1985,661113.9008,7710460.867,16509073.56
United Kingdom,GBR,1986,649640.692,7503615.083,16619392.64
United Kingdom,GBR,1987,643500.5381,7524221.983,16933930.03
United Kingdom,GBR,1988,664045.5863,7644564.436,17526001.66
United Kingdom,GBR,1989,641803.3047,7849759.954,17882654.3
United Kingdom,GBR,1990,633659.2418,7741974.756,18202283.41
United Kingdom,GBR,1991,651621.3512,7108901.206,18000806.85
United Kingdom,GBR,1992,636011.8973,6680303.547,18083229.74
United Kingdom,GBR,1993,626255.8503,6322228.394,17870620.47
United Kingdom,GBR,1994,607527.6056,6303142.404,18027678.61
United Kingdom,GBR,1995,571000,6364875.429,18206811.79
United Kingdom,GBR,1996,581000,6333495.599,18470219.1
United Kingdom,GBR,1997,596000,6361202.401,18852356.87
United Kingdom,GBR,1998,565000,6422004.697,18986590.94
United Kingdom,GBR,1999,522000,6259334.834,19475554.58
United Kingdom,GBR,2000,490000,6147598.14,19928105.97
United Kingdom,GBR,2001,465000,6023851.384,20278627.82
United Kingdom,GBR,2002,462000,5847906.191,20689312.85
United Kingdom,GBR,2003,464000,5726752.765,21044788.48
United Kingdom,GBR,2004,475000,5628674.517,21397277.69
United Kingdom,GBR,2005,499000,5544965.736,21762584.88
United Kingdom,GBR,2006,485000,5490047.311,22068564.52
United Kingdom,GBR,2007,487000,5478726.253,22164263.98
United Kingdom,GBR,2008,509000,5316355.201,22322972.69
United Kingdom,GBR,2009,525000,4958757.834,22054919.89
United Kingdom,GBR,2010,548459.5799,5284408.601,22734404.29
United Kingdom,GBR,2011,596247.613,5513972.627,23088919.75
United States,USA,1840,3570000,822000,1268000
United States,USA,1850,4520000,1712000,2018000
United States,USA,1860,5880000,2226000,3004000
United States,USA,1870,6790000,3430000,2710000
United States,USA,1880,8920000,4470000,4000000
United States,USA,1890,9960000,6340000,7020000
United States,USA,1900,11680000,8197000,9193000
United States,USA,1910,11770000,11349000,14361000
United States,USA,1920,10790000,13603000,17217000
United States,USA,1929,8627000,13879000,23100000
United States,USA,1930,8441000,12557000,22509000
United States,USA,1931,8471000,10805000,21208000
United States,USA,1932,8370000,9091000,19581000
United States,USA,1933,8438000,9380000,19715000
United States,USA,1934,8523000,10758000,21599000
United States,USA,1935,8651000,11373000,22364000
United States,USA,1936,8544000,12429000,24472000
United States,USA,1937,8367000,13417000,24848000
United States,USA,1938,8066000,11812000,24901000
United States,USA,1939,7810000,12820000,25492000
United States,USA,1940,7589000,13915000,26509000
United States,USA,1941,7486000,16738000,28379000
United States,USA,1942,7341000,19310000,30770000
United States,USA,1943,7154000,20677000,35249000
United States,USA,1944,6931000,19769000,37552000
United States,USA,1945,6766000,17915000,37958000
United States,USA,1946,6713000,18133000,32121000
United States,USA,1947,6657000,19371000,31232000
United States,USA,1948,6625000,20294000,31314000
United States,USA,1949,6440000,18888000,31520000
United States,USA,1950,6402000,19880000,32245000
United States,USA,1951,6022000,21265000,35004000
United States,USA,1952,5879000,21454000,36045000
United States,USA,1953,5696000,22088000,36381000
United States,USA,1954,5713000,20605000,35920000
United States,USA,1955,5525000,21150000,36600000
United States,USA,1956,5251000,21574000,37601000
United States,USA,1957,5010000,21471000,38197000
United States,USA,1958,4848000,19778000,38032000
United States,USA,1959,4704000,20646000,38786000
United States,USA,1960,4531000,20710000,39788000
United States,USA,1961,4442000,20221000,40118000
United States,USA,1962,4310000,20865000,40959000
United States,USA,1963,4079000,21042000,41580000
United States,USA,1964,3862000,21376000,42685000
United States,USA,1965,3713000,22449000,44018000
United States,USA,1966,3432000,23737000,46188000
United States,USA,1967,3338000,23924000,47933000
United States,USA,1968,3303000,24344000,49343000
United States,USA,1969,3193000,24939000,50807000
United States,USA,1970,3118000,23985000,51239000
United States,USA,1971,3065000,23214000,51728000
United States,USA,1972,3116000,23943000,52870000
United States,USA,1973,3181000,25347000,54846000
United States,USA,1974,3255000,25321000,56114000
United States,USA,1975,3191000,23113000,56603000
United States,USA,1976,3210000,24030000,57992000
United States,USA,1977,3105000,25123000,59970000
United States,USA,1978,3158000,26614000,62886000
United States,USA,1979,3183000,27534000,65022000
United States,USA,1980,3275000,26633000,65996000
United States,USA,1981,3260000,26509000,67030000
United States,USA,1982,3140000,24618000,67050000
United States,USA,1983,3166000,24246000,68223000
United States,USA,1984,3074000,25740000,71299000
United States,USA,1985,2889000,25865000,73625000
United States,USA,1986,2869000,25675000,75547000
United States,USA,1987,2932000,25812000,78288000
United States,USA,1988,2988000,26411000,80766000
United States,USA,1989,2940000,26498000,83470000
United States,USA,1990,2930000,26217000,84959000
United States,USA,1991,2964000,25068000,84826000
United States,USA,1992,2883000,24506000,85244000
United States,USA,1993,2935000,24768000,87192000
United States,USA,1994,2995000,25350000,89408000
United States,USA,1995,3210000,25748000,91720000
United States,USA,1996,3154000,25976000,93668000
United States,USA,1997,3132000,26468000,96070000
United States,USA,1998,3133000,26949000,98419000
United States,USA,1999,3171000,27034000,100687000
United States,USA,2000,3146000,27280000,103217000
United States,USA,2001,2093000,25535000,106231000
United States,USA,2002,2098000,24171000,106259000
United States,USA,2003,2072000,23522000,106722000
United States,USA,2004,2030000,23753000,107820000
United States,USA,2005,1992000,24018000,109890000
United States,USA,2006,2022000,24405000,111891000
United States,USA,2007,1953000,24140000,113483000
United States,USA,2008,1945000,23177000,113519000
United States,USA,2009,1907000,20154000,109771000
United States,USA,2010,1923000,19315000,109039000
United States,USA,2011,1962000,19453000,110120000
United States,USA,2012,1919000,19798000,112340000
United States,USA,2013,1957000,20113000,114099000
United States,USA,2014,1947000,20779000,117508000
United States,USA,2015,2050000,21105000,118704000